Date,Daily Units Sold,Daily Temperature (C),,,
1/1/2025,380,28,,,
1/2/2025,420,30,,,
1/3/2025,350,29,,,
1/4/2025,300,23,,,
1/5/2025,340,27,,,6000
1/6/2025,360,27,,,240
1/7/2025,300,26,,,
1/8/2025,310,25,,,
1/9/2025,330,26,,,
1/10/2025,400,30,,,
1/11/2025,380,27,,,
1/12/2025,360,25,,,
1/13/2025,350,25,,,
1/14/2025,310,23,,,
1/15/2025,300,22,,,
1/16/2025,330,24,,,
1/17/2025,370,28,,,
1/18/2025,370,27,,,
1/19/2025,320,24,,,
1/20/2025,330,25,,,
